{
  "$schema": "https://developer.microsoft.com/json-schemas/spfx/client-side-web-part-manifest.schema.json",
  "id": "b1b2bf6c-b69a-407e-9630-8752cbe865a9",
  "alias": "ContentAndImageSliderWebPart",
  "componentType": "WebPart",
  "version": "*",
  "manifestVersion": 2,
  "requiresCustomScript": false,
  "supportedHosts": ["SharePointWebPart"],
  "preconfiguredEntries": [{
    "groupId": "5c03119e-3074-46fd-976b-c60198311f70",
    "group": { "default": "Other" },
    "title": { "default": "content-and-image-slider" },
    "description": { "default": "content-and-image-slider description" },
    "officeFabricIconFontName": "Page",
    "properties": {
      "description": "content-and-image-slider",
      "color":"#ebd830"
    }
  }]
}
