{
  "id": "3cb47dd4-657f-4d92-9027-4f01d09bfcc5",
  "alias": "EmployeeFaqWebPart",
  "componentType": "WebPart",
  "version": "0.0.1",
  "manifestVersion": 2,
  "requiresCustomScript": false,
  "supportedHosts": [
    "SharePointWebPart"
  ],
  "preconfiguredEntries": [
    {
      "groupId": "5c03119e-3074-46fd-976b-c60198311f70",
      "group": {
        "default": "Other"
      },
      "title": {
        "default": "employee-FAQ"
      },
      "description": {
        "default": "employee-FAQ description"
      },
      "officeFabricIconFontName": "Page",
      "properties": {
        "description": "employee-FAQ",
        "HeaderLabel": "Employee FAQs"
      }
    }
  ],
  "loaderConfig": {
    "internalModuleBaseUrls": [
      "https://localhost:4321/dist/"
    ],
    "entryModuleId": "employee-faq-web-part",
    "scriptResources": {
      "employee-faq-web-part": {
        "type": "path",
        "path": "employee-faq-web-part_a360859fd9802e69d43e.js"
      },
      "@microsoft/sp-property-pane": {
        "type": "component",
        "id": "f9e737b7-f0df-4597-ba8c-3060f82380db",
        "version": "1.12.0"
      },
      "EmployeeFaqWebPartStrings": {
        "type": "localizedPath",
        "paths": {
          "en-US": "EmployeeFaqWebPartStrings_en-us_536e65149b0acf4d52c0043073b9fc59.js"
        },
        "defaultPath": "EmployeeFaqWebPartStrings_en-us_536e65149b0acf4d52c0043073b9fc59.js"
      },
      "@microsoft/sp-lodash-subset": {
        "type": "component",
        "id": "73e1dc6c-8441-42cc-ad47-4bd3659f8a3a",
        "version": "1.12.0"
      },
      "@microsoft/sp-core-library": {
        "type": "component",
        "id": "7263c7d0-1d6a-45ec-8d85-d4d1d234171b",
        "version": "1.12.0"
      },
      "@microsoft/sp-webpart-base": {
        "type": "component",
        "id": "974a7777-0990-4136-8fa6-95d80114c2e0",
        "version": "1.12.0"
      },
      "react": {
        "type": "component",
        "id": "0d910c1c-13b9-4e1c-9aa4-b008c5e42d7d",
        "version": "16.9.0"
      },
      "react-dom": {
        "type": "component",
        "id": "aa0a46ec-1505-43cd-a44a-93f3a5aa460a",
        "version": "16.9.0"
      }
    }
  }
}