{
  "id": "b1b2bf6c-b69a-407e-9630-8752cbe865a9",
  "alias": "ContentAndImageSliderWebPart",
  "componentType": "WebPart",
  "version": "0.0.1",
  "manifestVersion": 2,
  "requiresCustomScript": false,
  "supportedHosts": [
    "SharePointWebPart"
  ],
  "preconfiguredEntries": [
    {
      "groupId": "5c03119e-3074-46fd-976b-c60198311f70",
      "group": {
        "default": "Other"
      },
      "title": {
        "default": "content-and-image-slider"
      },
      "description": {
        "default": "content-and-image-slider description"
      },
      "officeFabricIconFontName": "Page",
      "properties": {
        "description": "content-and-image-slider"
      }
    }
  ],
  "loaderConfig": {
    "internalModuleBaseUrls": [
      "https://localhost:4321/dist/"
    ],
    "entryModuleId": "content-and-image-slider-web-part",
    "scriptResources": {
      "content-and-image-slider-web-part": {
        "type": "path",
        "path": "content-and-image-slider-web-part_6eb700a61193e1e048da.js"
      },
      "@microsoft/sp-property-pane": {
        "type": "component",
        "id": "f9e737b7-f0df-4597-ba8c-3060f82380db",
        "version": "1.12.0"
      },
      "@microsoft/sp-core-library": {
        "type": "component",
        "id": "7263c7d0-1d6a-45ec-8d85-d4d1d234171b",
        "version": "1.12.0"
      },
      "ContentAndImageSliderWebPartStrings": {
        "type": "localizedPath",
        "paths": {
          "en-US": "ContentAndImageSliderWebPartStrings_en-us_536e65149b0acf4d52c0043073b9fc59.js"
        },
        "defaultPath": "ContentAndImageSliderWebPartStrings_en-us_536e65149b0acf4d52c0043073b9fc59.js"
      },
      "@microsoft/sp-webpart-base": {
        "type": "component",
        "id": "974a7777-0990-4136-8fa6-95d80114c2e0",
        "version": "1.12.0"
      },
      "react": {
        "type": "component",
        "id": "0d910c1c-13b9-4e1c-9aa4-b008c5e42d7d",
        "version": "16.9.0"
      },
      "react-dom": {
        "type": "component",
        "id": "aa0a46ec-1505-43cd-a44a-93f3a5aa460a",
        "version": "16.9.0"
      },
      "@microsoft/sp-http": {
        "type": "component",
        "id": "c07208f0-ea3b-4c1a-9965-ac1b825211a6",
        "version": "1.12.0"
      }
    }
  }
}