{
  "$schema": "https://developer.microsoft.com/json-schemas/spfx/client-side-web-part-manifest.schema.json",
  "id": "601d6583-725a-4fcb-9251-cf113832f50e",
  "alias": "DataTable",
  "componentType": "WebPart",
  "version": "*",
  "manifestVersion": 2,
  "requiresCustomScript": false,
  "supportedHosts": ["SharePointWebPart"],
  "preconfiguredEntries": [{
    "groupId": "5c03119e-3074-46fd-976b-c60198311f70",
    "group": { "default": "Other" },
    "title": { "default": "Data Table" },
    "description": { "default": "Data Table with all the functionality" },
    "officeFabricIconFontName": "Page",
    "properties": {
      "description": "Data Table"
    }
  }]
}
